{
    "results": [
        {
            "config": "PPO_dataset/binomial_4_2_SEQ.json",
            "episodes": 2000,
            "time": 28.65602397918701,
            "best_found": [
                1,
                1,
                0,
                0
            ],
            "optimal": [
                0,
                0,
                1,
                1
            ],
            "best_found_reward": 2.9999971389797793,
            "optimal_reward": 2.9999971389797793
        },
        {
            "config": "PPO_./dataset/binomial_16_2.json",
            "episodes": 10000,
            "time": 367.6830530166626,
            "best_found": [
                0,
                0,
                1,
                1,
                0,
                0,
                1,
                1,
                0,
                0,
                1,
                1,
                0,
                0,
                1,
                1
            ],
            "optimal": [
                0,
                1,
                0,
                1,
                0,
                1,
                0,
                1,
                0,
                1,
                0,
                1,
                0,
                1,
                0,
                1
            ],
            "best_found_reward": 7.499996423723019,
            "optimal_reward": 14.999985694898896
        },
        {
            "config": "PPO_./dataset/binomial_16_2_SEQ.json",
            "episodes": 12000,
            "time": 430.56086134910583,
            "best_found": [
                0,
                0,
                0,
                0,
                0,
                0,
                0,
                0,
                1,
                1,
                1,
                1,
                1,
                1,
                1,
                1
            ],
            "optimal": [
                0,
                0,
                0,
                0,
                0,
                0,
                0,
                0,
                1,
                1,
                1,
                1,
                1,
                1,
                1,
                1
            ],
            "best_found_reward": 14.999985694898896,
            "optimal_reward": 14.999985694898896
        },
        {
            "config": "PPO_./dataset/binomial_16_4.json",
            "episodes": 10000,
            "time": 373.4955940246582,
            "best_found": [
                1,
                1,
                2,
                3,
                0,
                0,
                2,
                3,
                1,
                1,
                2,
                3,
                0,
                0,
                2,
                3
            ],
            "optimal": [
                0,
                1,
                2,
                3,
                0,
                1,
                2,
                3,
                0,
                1,
                2,
                3,
                0,
                1,
                2,
                3
            ],
            "best_found_reward": 3.028055346779857,
            "optimal_reward": 3.793939206817234
        },
        {
            "config": "PPO_./dataset/binomial_16_4_SEQ.json",
            "episodes": 5000,
            "time": 193.33180403709412,
            "best_found": [
                2,
                2,
                2,
                2,
                3,
                3,
                3,
                3,
                0,
                0,
                0,
                0,
                1,
                1,
                1,
                1
            ],
            "optimal": [
                0,
                0,
                0,
                0,
                1,
                1,
                1,
                1,
                2,
                2,
                2,
                2,
                3,
                3,
                3,
                3
            ],
            "best_found_reward": 3.793939206817234,
            "optimal_reward": 3.793939206817234
        },
        {
            "config": "PPO_./dataset/binomial_16_8.json",
            "episodes": 12000,
            "time": 442.6056969165802,
            "best_found": [
                5,
                3,
                7,
                6,
                5,
                3,
                1,
                6,
                2,
                2,
                7,
                0,
                4,
                0,
                1,
                4
            ],
            "optimal": [
                0,
                1,
                2,
                3,
                4,
                5,
                6,
                7,
                0,
                1,
                2,
                3,
                4,
                5,
                6,
                7
            ],
            "best_found_reward": 1.4999998569488662,
            "optimal_reward": 2.1428568509160653
        },
        {
            "config": "PPO_./dataset/binomial_16_8_SEQ.json",
            "episodes": 5000,
            "time": 195.31573295593262,
            "best_found": [
                0,
                0,
                3,
                3,
                6,
                6,
                7,
                7,
                4,
                4,
                5,
                5,
                2,
                2,
                1,
                1
            ],
            "optimal": [
                0,
                0,
                1,
                1,
                2,
                2,
                3,
                3,
                4,
                4,
                5,
                5,
                6,
                6,
                7,
                7
            ],
            "best_found_reward": 2.1428568509160653,
            "optimal_reward": 2.1428568509160653
        },
        {
            "config": "PPO_./dataset/binomial_32_16.json",
            "episodes": 15000,
            "time": 1469.5683801174164,
            "best_found": [
                1,
                2,
                0,
                9,
                15,
                3,
                0,
                10,
                11,
                2,
                13,
                5,
                15,
                3,
                8,
                6,
                1,
                13,
                14,
                11,
                7,
                9,
                4,
                12,
                14,
                10,
                8,
                5,
                4,
                6,
                12,
                7
            ],
            "optimal": [
                0,
                1,
                2,
                3,
                4,
                5,
                6,
                7,
                8,
                9,
                10,
                11,
                12,
                13,
                14,
                15,
                0,
                1,
                2,
                3,
                4,
                5,
                6,
                7,
                8,
                9,
                10,
                11,
                12,
                13,
                14,
                15
            ],
            "best_found_reward": 1.239951564392016,
            "optimal_reward": 2.0665321268146606
        },
        {
            "config": "PPO_./dataset/binomial_32_16_SEQ.json",
            "episodes": 15000,
            "time": 1477.3191108703613,